{
  "project_info": {
    "project_number": "424194446368",
    "project_id": "pruebafirebase2-ec997",
    "storage_bucket": "pruebafirebase2-ec997.appspot.com"
  },
  "client": [
    {
      "client_info": {
        "mobilesdk_app_id": "1:424194446368:android:88afb524ad82b30c2ad845",
        "android_client_info": {
          "package_name": "com.example.museo2"
        }
      },
      "oauth_client": [
        {
          "client_id": "424194446368-6qjeg18tfbo8qa8h1b7tinr90hlhn9fj.apps.googleusercontent.com",
          "client_type": 3
        }
      ],
      "api_key": [
        {
          "current_key": "AIzaSyDdbU2HSbPGlZjppkoY4HaHA7x9K6XTsZY"
        }
      ],
      "services": {
        "appinvite_service": {
          "other_platform_oauth_client": [
            {
              "client_id": "424194446368-6qjeg18tfbo8qa8h1b7tinr90hlhn9fj.apps.googleusercontent.com",
              "client_type": 3
            }
          ]
        }
      }
    },
    {
      "client_info": {
        "mobilesdk_app_id": "1:424194446368:android:6b0e8e5d4cb2d6402ad845",
        "android_client_info": {
          "package_name": "com.example.museoapp"
        }
      },
      "oauth_client": [
        {
          "client_id": "424194446368-6qjeg18tfbo8qa8h1b7tinr90hlhn9fj.apps.googleusercontent.com",
          "client_type": 3
        }
      ],
      "api_key": [
        {
          "current_key": "AIzaSyDdbU2HSbPGlZjppkoY4HaHA7x9K6XTsZY"
        }
      ],
      "services": {
        "appinvite_service": {
          "other_platform_oauth_client": [
            {
              "client_id": "424194446368-6qjeg18tfbo8qa8h1b7tinr90hlhn9fj.apps.googleusercontent.com",
              "client_type": 3
            }
          ]
        }
      }
    },
    {
      "client_info": {
        "mobilesdk_app_id": "1:424194446368:android:34bc103640450abd2ad845",
        "android_client_info": {
          "package_name": "com.example.pruebafirebase"
        }
      },
      "oauth_client": [
        {
          "client_id": "424194446368-6qjeg18tfbo8qa8h1b7tinr90hlhn9fj.apps.googleusercontent.com",
          "client_type": 3
        }
      ],
      "api_key": [
        {
          "current_key": "AIzaSyDdbU2HSbPGlZjppkoY4HaHA7x9K6XTsZY"
        }
      ],
      "services": {
        "appinvite_service": {
          "other_platform_oauth_client": [
            {
              "client_id": "424194446368-6qjeg18tfbo8qa8h1b7tinr90hlhn9fj.apps.googleusercontent.com",
              "client_type": 3
            }
          ]
        }
      }
    }
  ],
  "configuration_version": "1"
}